CONSUMER_ID,SEQUENCE_NUMBER,CUSTOM_TRIGGERS_NEW_CURRENT_ADDRESS_CTGR06_ADDEFFDT,CUSTOM_TRIGGERS_NEW_EMPLOYMENT_VERIFIED_CTGR06_EMPEFFDT,CUSTOM_TRIGGERS_NEW_INQUIRY_REPORTED_OE_CTGR06_INQEFFDT,CUSTOM_TRIGGERS_NEW_TRADE_REPORTED_CTGR06_TRDEFFDT,CUSTOM_TRIGGERS_NEW_NAME_REPORTED_PERSON_MARKET_FULL_NAME,CUSTOM_TRIGGERS_NEW_COLLECTION_VERIFIED_CTGR06_COLEFFDT,CUSTOM_TRIGGERS_CHANGE_NUM_PUBREC_CTGR06_PUBCOUNT,CUSTOM_TRIGGERS_CHANGE_PAID_PUBREC_CTGR06_PUBPDDT,CUSTOM_TRIGGERS_NEW_PUBREC_REPORTED_CTGR06_PUBRPDT,CUSTOM_TRIGGERS_OLD_INQUIRY_REPORTED_CTGR06_INQOLDDT,CUSTOM_TRIGGERS_VANTAGE3_SCORE_CHANGE_CVTG03_FINSCORE,CUSTOM_TRIGGERS_UPDATECODETRIGGER_FLAG,CUSTOM_TRIGGERS_UPDATECODETRIGGER_POST_REASON_CODE,CUSTOM_TRIGGERS_CSTTRIGGERLEVEL_FLAG,CUSTOM_TRIGGERS_CSTTRIGGERLEVEL_POST_REASON_CODE,CUSTOM_TRIGGERS_NEW_CURRENT_ADDRESS_FLAG,CUSTOM_TRIGGERS_NEW_CURRENT_ADDRESS_POST_REASON_CODE,CUSTOM_TRIGGERS_NEW_EMPLOYMENT_VERIFIED_FLAG,CUSTOM_TRIGGERS_NEW_EMPLOYMENT_VERIFIED_POST_REASON_CODE,CUSTOM_TRIGGERS_NEW_INQUIRY_REPORTED_OE_FLAG,CUSTOM_TRIGGERS_NEW_INQUIRY_REPORTED_OE_POST_REASON_CODE,CUSTOM_TRIGGERS_NEW_TRADE_REPORTED_FLAG,CUSTOM_TRIGGERS_NEW_TRADE_REPORTED_POST_REASON_CODE,CUSTOM_TRIGGERS_NEW_NAME_REPORTED_FLAG,CUSTOM_TRIGGERS_NEW_NAME_REPORTED_POST_REASON_CODE,CUSTOM_TRIGGERS_NEW_COLLECTION_VERIFIED_FLAG,CUSTOM_TRIGGERS_NEW_COLLECTION_VERIFIED_POST_REASON_CODE,CUSTOM_TRIGGERS_CHANGE_NUM_PUBREC_FLAG,CUSTOM_TRIGGERS_CHANGE_NUM_PUBREC_POST_REASON_CODE,CUSTOM_TRIGGERS_CHANGE_PAID_PUBREC_FLAG,CUSTOM_TRIGGERS_CHANGE_PAID_PUBREC_POST_REASON_CODE,CUSTOM_TRIGGERS_NEW_PUBREC_REPORTED_FLAG,CUSTOM_TRIGGERS_NEW_PUBREC_REPORTED_POST_REASON_CODE,CUSTOM_TRIGGERS_OLD_INQUIRY_REPORTED_FLAG,CUSTOM_TRIGGERS_OLD_INQUIRY_REPORTED_POST_REASON_CODE,CUSTOM_TRIGGERS_VANTAGE3_SCORE_CHANGE_FLAG,CUSTOM_TRIGGERS_VANTAGE3_SCORE_CHANGE_POST_REASON_CODE,CUSTOM_TRIGGERS_CSTCHKUPDLEVEL_FLAG,CUSTOM_TRIGGERS_CSTCHKUPDLEVEL_POST_REASON_CODE
0,5,0,,0,0,Jose H Mcdonald,0,3,1273519537,0,,276214529,Y,C,Y,C,Y,C,Y,C,Y,C,Y,C,Y,C,Y,C,Y,C,Y,C,Y,C,Y,C,Y,C,Y,C
0,1,4,1612343129,0,0,Jose H Mcdonald,1,0,,0,0,0,Y,C,Y,C,Y,C,Y,C,Y,C,Y,C,Y,C,Y,C,Y,C,Y,C,Y,C,Y,C,Y,C,Y,C
6,0,0,2090294016,1413161145,3,Jose H Mcdonald,0,0,0,1,21,-4,Y,C,Y,C,Y,C,Y,C,Y,C,Y,C,Y,C,Y,C,Y,C,Y,C,Y,C,Y,C,Y,C,Y,C
2111737002,11263,0,905662062,0,46,Jose H Mcdonald,31,,1,0,0,-8,Y,C,Y,C,Y,C,Y,C,Y,C,Y,C,Y,C,Y,C,Y,C,Y,C,Y,C,Y,C,Y,C,Y,C
3,7879,0,0,,,Jose H Mcdonald,4,0,0,,1,0,Y,C,Y,C,Y,C,Y,C,Y,C,Y,C,Y,C,Y,C,Y,C,Y,C,Y,C,Y,C,Y,C,Y,C
,24,1342362239,0,2,1789301624,Jose H Mcdonald,,0,0,47,0,0,Y,C,Y,C,Y,C,Y,C,Y,C,Y,C,Y,C,Y,C,Y,C,Y,C,Y,C,Y,C,Y,C,Y,C
479,39957,2139208019,5,6,,Jose H Mcdonald,0,,0,0,0,0,Y,C,Y,C,Y,C,Y,C,Y,C,Y,C,Y,C,Y,C,Y,C,Y,C,Y,C,Y,C,Y,C,Y,C
0,42158,,0,0,0,Jose H Mcdonald,,714873611,0,0,,-2064637593,Y,C,Y,C,Y,C,Y,C,Y,C,Y,C,Y,C,Y,C,Y,C,Y,C,Y,C,Y,C,Y,C,Y,C
66239737,31345,0,,0,1536369620,Jose H Mcdonald,0,0,,1,,-50,Y,C,Y,C,Y,C,Y,C,Y,C,Y,C,Y,C,Y,C,Y,C,Y,C,Y,C,Y,C,Y,C,Y,C
,5163,,0,492074404,0,Jose H Mcdonald,0,1480824576,1573165402,0,0,-795986,Y,C,Y,C,Y,C,Y,C,Y,C,Y,C,Y,C,Y,C,Y,C,Y,C,Y,C,Y,C,Y,C,Y,C
